,id,alias,name,image_url,is_closed,url,review_count,categories,rating,transactions,price,phone,display_phone,distance,coordinates_latitude,coordinates_longitude,location_address1,location_address2,location_address3,location_city,location_zip_code,location_country,location_state,location_display_address
0,r_BrIgzYcwo1NAuG9dLbpg,pai-northern-thai-kitchen-toronto-5,Pai Northern Thai Kitchen,https://s3-media1.fl.yelpcdn.com/bphoto/35lAqXjHJac-WOOQz5yMmA/o.jpg,False,https://www.yelp.com/biz/pai-northern-thai-kitchen-toronto-5?adjust_creative=SyDutSLttpFj85STAUNd9Q&utm_campaign=yelp_api_v3&utm_medium=api_v3_business_search&utm_source=SyDutSLttpFj85STAUNd9Q,3491,"[{'alias': 'thai', 'title': 'Thai'}]",4.5,[],$$,+14169014724,+1 416-901-4724,3009.3347434869856,43.64784,-79.38872,18 Duncan Street,,,Toronto,M5H 3G8,CA,ON,"['18 Duncan Street', 'Toronto, ON M5H 3G8', 'Canada']"
1,mZRKH9ngRY92bI_irrHq6w,richmond-station-toronto,Richmond Station,https://s3-media3.fl.yelpcdn.com/bphoto/agCQCtFg1pwV4WRBBw8CAg/o.jpg,False,https://www.yelp.com/biz/richmond-station-toronto?adjust_creative=SyDutSLttpFj85STAUNd9Q&utm_campaign=yelp_api_v3&utm_medium=api_v3_business_search&utm_source=SyDutSLttpFj85STAUNd9Q,907,"[{'alias': 'newcanadian', 'title': 'Canadian (New)'}]",4.5,[],$$$,+16477481444,+1 647-748-1444,2911.814072486624,43.6513729,-79.379285,1 Richmond Street W,,,Toronto,M5H 3W4,CA,ON,"['1 Richmond Street W', 'Toronto, ON M5H 3W4', 'Canada']"
2,Yl2TN9c23ZGLUBSD9ks5Uw,byblos-toronto-2,Byblos,https://s3-media2.fl.yelpcdn.com/bphoto/ciuAYgyPtC7HtljXC4nEnw/o.jpg,False,https://www.yelp.com/biz/byblos-toronto-2?adjust_creative=SyDutSLttpFj85STAUNd9Q&utm_campaign=yelp_api_v3&utm_medium=api_v3_business_search&utm_source=SyDutSLttpFj85STAUNd9Q,909,"[{'alias': 'mediterranean', 'title': 'Mediterranean'}, {'alias': 'mideastern', 'title': 'Middle Eastern'}]",4.5,[],$$$$,+16476600909,+1 647-660-0909,3054.112033364548,43.647546,-79.388123,11 Duncan Street,,,Toronto,M5V 3M2,CA,ON,"['11 Duncan Street', 'Toronto, ON M5V 3M2', 'Canada']"
3,B70iTJjcPkuYn8ouUewWgw,gusto-101-toronto,Gusto 101,https://s3-media4.fl.yelpcdn.com/bphoto/nVqA7kB5QuXBWX8Nq9-nQQ/o.jpg,False,https://www.yelp.com/biz/gusto-101-toronto?adjust_creative=SyDutSLttpFj85STAUNd9Q&utm_campaign=yelp_api_v3&utm_medium=api_v3_business_search&utm_source=SyDutSLttpFj85STAUNd9Q,1151,"[{'alias': 'italian', 'title': 'Italian'}]",4.0,[],$$,+14165049669,+1 416-504-9669,3267.8432435946374,43.645002131066,-79.400309337027,101 Portland Street,,,Toronto,M5V 2N3,CA,ON,"['101 Portland Street', 'Toronto, ON M5V 2N3', 'Canada']"
4,5XVE1NtoMNbXJJcLTj1qeA,osteria-giulia-toronto,Osteria Giulia,https://s3-media2.fl.yelpcdn.com/bphoto/JJIEMnULhMXhgP1ClV8n9A/o.jpg,False,https://www.yelp.com/biz/osteria-giulia-toronto?adjust_creative=SyDutSLttpFj85STAUNd9Q&utm_campaign=yelp_api_v3&utm_medium=api_v3_business_search&utm_source=SyDutSLttpFj85STAUNd9Q,38,"[{'alias': 'italian', 'title': 'Italian'}]",4.5,[],$$$$,+14169648686,+1 416-964-8686,19.22116521243309,43.67431,-79.39668,134 Avenue Road,,,Toronto,M5R 2H6,CA,ON,"['134 Avenue Road', 'Toronto, ON M5R 2H6', 'Canada']"
5,u71djaZjecGVU1MqMevQ4g,ristorante-sotto-sotto-toronto,Ristorante Sotto Sotto,https://s3-media2.fl.yelpcdn.com/bphoto/r5WuvmqtEYjOZZjVtLlhmw/o.jpg,False,https://www.yelp.com/biz/ristorante-sotto-sotto-toronto?adjust_creative=SyDutSLttpFj85STAUNd9Q&utm_campaign=yelp_api_v3&utm_medium=api_v3_business_search&utm_source=SyDutSLttpFj85STAUNd9Q,129,"[{'alias': 'italian', 'title': 'Italian'}]",4.0,[],$$$,+14169620011,+1 416-962-0011,67.10055450161477,43.67374,-79.39646,120 Avenue Road,,,Toronto,M5R 2H4,CA,ON,"['120 Avenue Road', 'Toronto, ON M5R 2H4', 'Canada']"
6,_T7f2wUgNlJqxsR-cR89SQ,scaramouche-restaurant-pasta-bar-and-grill-toronto,Scaramouche Restaurant Pasta Bar & Grill,https://s3-media1.fl.yelpcdn.com/bphoto/XeRT7r5JbhUSr2a6zSIqYg/o.jpg,False,https://www.yelp.com/biz/scaramouche-restaurant-pasta-bar-and-grill-toronto?adjust_creative=SyDutSLttpFj85STAUNd9Q&utm_campaign=yelp_api_v3&utm_medium=api_v3_business_search&utm_source=SyDutSLttpFj85STAUNd9Q,339,"[{'alias': 'french', 'title': 'French'}, {'alias': 'bars', 'title': 'Bars'}]",4.5,[],$$$$,+14169618011,+1 416-961-8011,831.4897662752536,43.68155,-79.39991,1 Benvenuto Place,,,Toronto,M4V 2L1,CA,ON,"['1 Benvenuto Place', 'Toronto, ON M4V 2L1', 'Canada']"
7,RtUvSWO_UZ8V3Wpj0n077w,kinka-izakaya-original-toronto-4,KINKA IZAKAYA ORIGINAL,https://s3-media3.fl.yelpcdn.com/bphoto/nHFVveLBqeiCGy12R2CnRA/o.jpg,False,https://www.yelp.com/biz/kinka-izakaya-original-toronto-4?adjust_creative=SyDutSLttpFj85STAUNd9Q&utm_campaign=yelp_api_v3&utm_medium=api_v3_business_search&utm_source=SyDutSLttpFj85STAUNd9Q,1817,"[{'alias': 'japanese', 'title': 'Japanese'}, {'alias': 'pubs', 'title': 'Pubs'}]",4.0,[],$$,+14169770999,+1 416-977-0999,2109.9595120354325,43.66042406856627,-79.37890046282942,398 Church Street,,,Toronto,M5B 2A2,CA,ON,"['398 Church Street', 'Toronto, ON M5B 2A2', 'Canada']"
8,JMiaNitMzMbJm6Kh0RbT5A,canoe-toronto-2,Canoe,https://s3-media2.fl.yelpcdn.com/bphoto/tlQLlDmbY2EjEpxV_UALGw/o.jpg,False,https://www.yelp.com/biz/canoe-toronto-2?adjust_creative=SyDutSLttpFj85STAUNd9Q&utm_campaign=yelp_api_v3&utm_medium=api_v3_business_search&utm_source=SyDutSLttpFj85STAUNd9Q,748,"[{'alias': 'newcanadian', 'title': 'Canadian (New)'}]",4.0,[],$$$$,+14163640054,+1 416-364-0054,3259.5714701039,43.646954,-79.382159,66 Wellington Street  W,54th Floor,TD Bank Tower,Toronto,M5K 1H6,CA,ON,"['66 Wellington Street  W', '54th Floor', 'TD Bank Tower', 'Toronto, ON M5K 1H6', 'Canada']"
9,q9_gLvTNf11etVxbH7JY0Q,yasu-toronto-8,Yasu,https://s3-media2.fl.yelpcdn.com/bphoto/2u85otlszX1G1L1L9QG0BQ/o.jpg,False,https://www.yelp.com/biz/yasu-toronto-8?adjust_creative=SyDutSLttpFj85STAUNd9Q&utm_campaign=yelp_api_v3&utm_medium=api_v3_business_search&utm_source=SyDutSLttpFj85STAUNd9Q,430,"[{'alias': 'japanese', 'title': 'Japanese'}, {'alias': 'sushi', 'title': 'Sushi Bars'}]",4.5,[],$$$$,+14164772361,+1 416-477-2361,1382.2242471833936,43.66269,-79.40314,81 Harbord Street,,,Toronto,M5S 1G4,CA,ON,"['81 Harbord Street', 'Toronto, ON M5S 1G4', 'Canada']"
10,snw9iNNLpFYZeHotW00uVA,lee-toronto-6,Lee,https://s3-media1.fl.yelpcdn.com/bphoto/Zx0aFKfzKVihu3dn1POGSA/o.jpg,False,https://www.yelp.com/biz/lee-toronto-6?adjust_creative=SyDutSLttpFj85STAUNd9Q&utm_campaign=yelp_api_v3&utm_medium=api_v3_business_search&utm_source=SyDutSLttpFj85STAUNd9Q,719,"[{'alias': 'asianfusion', 'title': 'Asian Fusion'}]",4.0,[],$$$,+14165047867,+1 416-504-7867,3019.223509317423,43.64719115126137,-79.3993497,497 Richmond Street W,,,Toronto,M5V 1Y3,CA,ON,"['497 Richmond Street W', 'Toronto, ON M5V 1Y3', 'Canada']"
11,K3NW8TEu4QRQvFvHer8v4A,josos-toronto,Joso's,https://s3-media1.fl.yelpcdn.com/bphoto/pzNHtL-GLJQvcLl2LVlBqA/o.jpg,False,https://www.yelp.com/biz/josos-toronto?adjust_creative=SyDutSLttpFj85STAUNd9Q&utm_campaign=yelp_api_v3&utm_medium=api_v3_business_search&utm_source=SyDutSLttpFj85STAUNd9Q,172,"[{'alias': 'seafood', 'title': 'Seafood'}]",4.5,[],$$$,+14169251903,+1 416-925-1903,104.33812261272229,43.6751099,-79.39607,202 Davenport Road,,,Toronto,M5R 1J2,CA,ON,"['202 Davenport Road', 'Toronto, ON M5R 1J2', 'Canada']"
12,JG9UpsFR6hrqQqsKh_RyaQ,planta-yorkville-toronto-10,PLANTA Yorkville,https://s3-media3.fl.yelpcdn.com/bphoto/PZeryEMsHfd2gxRvB3iyhA/o.jpg,False,https://www.yelp.com/biz/planta-yorkville-toronto-10?adjust_creative=SyDutSLttpFj85STAUNd9Q&utm_campaign=yelp_api_v3&utm_medium=api_v3_business_search&utm_source=SyDutSLttpFj85STAUNd9Q,508,"[{'alias': 'vegetarian', 'title': 'Vegetarian'}, {'alias': 'pizza', 'title': 'Pizza'}, {'alias': 'sushi', 'title': 'Sushi Bars'}]",4.0,[],$$,+16478121221,+1 647-812-1221,745.4186614241825,43.67028,-79.38945,1221 Bay Street,,,Toronto,M5R 3P5,CA,ON,"['1221 Bay Street', 'Toronto, ON M5R 3P5', 'Canada']"
13,47wBHgBwQ8_70sjmXow_1g,her-fathers-cider-bar-and-kitchen-toronto,Her Father's Cider Bar & Kitchen,https://s3-media2.fl.yelpcdn.com/bphoto/1ElufiJeX8BzW-oSEqffpQ/o.jpg,False,https://www.yelp.com/biz/her-fathers-cider-bar-and-kitchen-toronto?adjust_creative=SyDutSLttpFj85STAUNd9Q&utm_campaign=yelp_api_v3&utm_medium=api_v3_business_search&utm_source=SyDutSLttpFj85STAUNd9Q,192,"[{'alias': 'gastropubs', 'title': 'Gastropubs'}, {'alias': 'bars', 'title': 'Bars'}, {'alias': 'newcanadian', 'title': 'Canadian (New)'}]",4.5,[],$$,+16473477747,+1 647-347-7747,1467.9214664770316,43.66232,-79.40453,119 Harbord Street,,,Toronto,M5S 1G7,CA,ON,"['119 Harbord Street', 'Toronto, ON M5S 1G7', 'Canada']"
14,VA95qAV2PRH9gtTi2Vfv4Q,trattoria-nervosa-toronto,Trattoria Nervosa,https://s3-media1.fl.yelpcdn.com/bphoto/D_OkOqxVljJRwQ8KPHkksA/o.jpg,False,https://www.yelp.com/biz/trattoria-nervosa-toronto?adjust_creative=SyDutSLttpFj85STAUNd9Q&utm_campaign=yelp_api_v3&utm_medium=api_v3_business_search&utm_source=SyDutSLttpFj85STAUNd9Q,409,"[{'alias': 'italian', 'title': 'Italian'}, {'alias': 'pizza', 'title': 'Pizza'}, {'alias': 'salad', 'title': 'Salad'}]",4.0,[],$$,+14169614642,+1 416-961-4642,585.0828265243665,43.67101,-79.39104,75 Yorkville Avenue,,,Toronto,M5R 1B8,CA,ON,"['75 Yorkville Avenue', 'Toronto, ON M5R 1B8', 'Canada']"
15,eKznX8VTfcQrjCqXpeobiw,rasa-toronto,Rasa,https://s3-media1.fl.yelpcdn.com/bphoto/wPprWzf9PTM62UYDgaobeA/o.jpg,False,https://www.yelp.com/biz/rasa-toronto?adjust_creative=SyDutSLttpFj85STAUNd9Q&utm_campaign=yelp_api_v3&utm_medium=api_v3_business_search&utm_source=SyDutSLttpFj85STAUNd9Q,328,"[{'alias': 'newcanadian', 'title': 'Canadian (New)'}, {'alias': 'tapasmallplates', 'title': 'Tapas/Small Plates'}]",4.5,[],$$,+16473508221,+1 647-350-8221,1402.7329472369408,43.6627752,-79.4039682,196 Robert Street,,,Toronto,M5S 2K8,CA,ON,"['196 Robert Street', 'Toronto, ON M5S 2K8', 'Canada']"
16,VS0Tm4uB_oZ7zGcANOl8uw,dzo-viet-eatery-toronto,Dzo Viet Eatery,https://s3-media4.fl.yelpcdn.com/bphoto/whO3DlHwdsPc_cu5BZmv6g/o.jpg,False,https://www.yelp.com/biz/dzo-viet-eatery-toronto?adjust_creative=SyDutSLttpFj85STAUNd9Q&utm_campaign=yelp_api_v3&utm_medium=api_v3_business_search&utm_source=SyDutSLttpFj85STAUNd9Q,158,"[{'alias': 'vietnamese', 'title': 'Vietnamese'}]",4.0,['restaurant_reservation'],$$,+16473468843,+1 647-346-8843,2243.910181518081,43.65445,-79.39178,308 Dundas Street W,,,Toronto,M5T 1G4,CA,ON,"['308 Dundas Street W', 'Toronto, ON M5T 1G4', 'Canada']"
17,ZumOnWbstgsIE6bJlxw0_Q,jacobs-and-co-steakhouse-toronto,Jacobs & Co. Steakhouse,https://s3-media3.fl.yelpcdn.com/bphoto/QnuGwNzr3C87cEy_uw9sMw/o.jpg,False,https://www.yelp.com/biz/jacobs-and-co-steakhouse-toronto?adjust_creative=SyDutSLttpFj85STAUNd9Q&utm_campaign=yelp_api_v3&utm_medium=api_v3_business_search&utm_source=SyDutSLttpFj85STAUNd9Q,616,"[{'alias': 'steak', 'title': 'Steakhouses'}]",4.5,[],$$$$,+14163660200,+1 416-366-0200,3213.132106562395,43.64539876116,-79.3980279011192,12 Brant Street,,,Toronto,M5V 1K4,CA,ON,"['12 Brant Street', 'Toronto, ON M5V 1K4', 'Canada']"
18,uPa5hrWmHm0n1l4MSyVMGQ,aloette-toronto-3,Aloette,https://s3-media1.fl.yelpcdn.com/bphoto/iQRskCyM2unpws8NVuXbag/o.jpg,False,https://www.yelp.com/biz/aloette-toronto-3?adjust_creative=SyDutSLttpFj85STAUNd9Q&utm_campaign=yelp_api_v3&utm_medium=api_v3_business_search&utm_source=SyDutSLttpFj85STAUNd9Q,303,"[{'alias': 'french', 'title': 'French'}, {'alias': 'bistros', 'title': 'Bistros'}, {'alias': 'diners', 'title': 'Diners'}]",4.5,[],$$$,+14162603444,+1 416-260-3444,2861.1678709256976,43.64855831176563,-79.395963,163 Spadina Avenue,1st Floor,,Toronto,M5V 2L6,CA,ON,"['163 Spadina Avenue', '1st Floor', 'Toronto, ON M5V 2L6', 'Canada']"
19,O-uIEuv7JLUHajkemx_sVw,beerbistro-toronto-3,Beerbistro,https://s3-media2.fl.yelpcdn.com/bphoto/rgD98HIvEFED2JTdaL9ewA/o.jpg,False,https://www.yelp.com/biz/beerbistro-toronto-3?adjust_creative=SyDutSLttpFj85STAUNd9Q&utm_campaign=yelp_api_v3&utm_medium=api_v3_business_search&utm_source=SyDutSLttpFj85STAUNd9Q,682,"[{'alias': 'bistros', 'title': 'Bistros'}, {'alias': 'beerbar', 'title': 'Beer Bar'}, {'alias': 'comfortfood', 'title': 'Comfort Food'}]",4.0,[],$$,+14168619872,+1 416-861-9872,3179.9774798541725,43.64946713499637,-79.3771696548727,18 King Street E,,,Toronto,M5C 1C4,CA,ON,"['18 King Street E', 'Toronto, ON M5C 1C4', 'Canada']"
20,CN5nuUQod0f8g3oh99qq0w,kinka-izakaya-annex-toronto-2,KINKA IZAKAYA ANNEX,https://s3-media1.fl.yelpcdn.com/bphoto/43RRSeAOPBk7r6qIzDfLnQ/o.jpg,False,https://www.yelp.com/biz/kinka-izakaya-annex-toronto-2?adjust_creative=SyDutSLttpFj85STAUNd9Q&utm_campaign=yelp_api_v3&utm_medium=api_v3_business_search&utm_source=SyDutSLttpFj85STAUNd9Q,507,"[{'alias': 'japanese', 'title': 'Japanese'}, {'alias': 'tapasmallplates', 'title': 'Tapas/Small Plates'}, {'alias': 'pubs', 'title': 'Pubs'}]",4.0,[],$$,+16473431101,+1 647-343-1101,1506.0784402358188,43.665157,-79.410658,559 Bloor St W,,,Toronto,M5S 1Y6,CA,ON,"['559 Bloor St W', 'Toronto, ON M5S 1Y6', 'Canada']"
21,CNPnbJlMmCx08geOvDmH7A,blu-ristorante-toronto-5,Blu Ristorante,https://s3-media4.fl.yelpcdn.com/bphoto/tLzk7ln8eYVW72dGQ2Moew/o.jpg,False,https://www.yelp.com/biz/blu-ristorante-toronto-5?adjust_creative=SyDutSLttpFj85STAUNd9Q&utm_campaign=yelp_api_v3&utm_medium=api_v3_business_search&utm_source=SyDutSLttpFj85STAUNd9Q,178,"[{'alias': 'italian', 'title': 'Italian'}]",4.0,[],$$$,+14169211471,+1 416-921-1471,225.01733033461625,43.67239,-79.396085,90 Avenue Road,,,Toronto,M5R 2H2,CA,ON,"['90 Avenue Road', 'Toronto, ON M5R 2H2', 'Canada']"
22,gy5pr5bFAjOL5rERSdMCLg,the-keg-steakhouse-bar-york-street-toronto-9,The Keg Steakhouse + Bar - York Street,https://s3-media3.fl.yelpcdn.com/bphoto/2UgMnMgfN9rIr32waT97Mg/o.jpg,False,https://www.yelp.com/biz/the-keg-steakhouse-bar-york-street-toronto-9?adjust_creative=SyDutSLttpFj85STAUNd9Q&utm_campaign=yelp_api_v3&utm_medium=api_v3_business_search&utm_source=SyDutSLttpFj85STAUNd9Q,311,"[{'alias': 'steak', 'title': 'Steakhouses'}, {'alias': 'bars', 'title': 'Bars'}, {'alias': 'seafood', 'title': 'Seafood'}]",4.0,[],$$$,+14167031773,+1 416-703-1773,2890.2567711176403,43.650011481693866,-79.38395891300931,165 York Street,,,Toronto,M5H 3R8,CA,ON,"['165 York Street', 'Toronto, ON M5H 3R8', 'Canada']"
23,crstB-H5rOfbXhV8pX0e6g,ramen-isshin-toronto,Ramen Isshin,https://s3-media2.fl.yelpcdn.com/bphoto/LvnYnumInn7dmCewmQsU3w/o.jpg,False,https://www.yelp.com/biz/ramen-isshin-toronto?adjust_creative=SyDutSLttpFj85STAUNd9Q&utm_campaign=yelp_api_v3&utm_medium=api_v3_business_search&utm_source=SyDutSLttpFj85STAUNd9Q,817,"[{'alias': 'ramen', 'title': 'Ramen'}]",4.5,[],$$,+14163674013,+1 416-367-4013,2156.2378719884887,43.65634,-79.40689,421 College Street,,,Toronto,M5T 1T1,CA,ON,"['421 College Street', 'Toronto, ON M5T 1T1', 'Canada']"
24,EEIz44ewHhOKmfTloAK13g,alo-restaurant-toronto,Alo Restaurant,https://s3-media3.fl.yelpcdn.com/bphoto/wa3yNQpC4Img1jiAZkTrzw/o.jpg,False,https://www.yelp.com/biz/alo-restaurant-toronto?adjust_creative=SyDutSLttpFj85STAUNd9Q&utm_campaign=yelp_api_v3&utm_medium=api_v3_business_search&utm_source=SyDutSLttpFj85STAUNd9Q,347,"[{'alias': 'bars', 'title': 'Bars'}, {'alias': 'french', 'title': 'French'}]",4.5,[],$$$$,+14162602222,+1 416-260-2222,2861.5378545315702,43.64851,-79.39584,163 Spadina Avenue,3rd Floor,,Toronto,M5V 2A5,CA,ON,"['163 Spadina Avenue', '3rd Floor', 'Toronto, ON M5V 2A5', 'Canada']"
25,aLcFhMe6DDJ430zelCpd2A,khao-san-road-toronto,Khao San Road,https://s3-media1.fl.yelpcdn.com/bphoto/CISy46UsCBcwXgvijUCPCQ/o.jpg,False,https://www.yelp.com/biz/khao-san-road-toronto?adjust_creative=SyDutSLttpFj85STAUNd9Q&utm_campaign=yelp_api_v3&utm_medium=api_v3_business_search&utm_source=SyDutSLttpFj85STAUNd9Q,1706,"[{'alias': 'thai', 'title': 'Thai'}]",4.0,[],$$,+16473525773,+1 647-352-5773,3109.667028077413,43.646412027881496,-79.39361985450327,11 Charlotte Street,,,Toronto,M5V 2H5,CA,ON,"['11 Charlotte Street', 'Toronto, ON M5V 2H5', 'Canada']"
26,41o1FUbCYKJv2djtnlkzlg,bar-raval-toronto,Bar Raval,https://s3-media1.fl.yelpcdn.com/bphoto/AyOwAeFcSl8zvBeJ0HxN8A/o.jpg,False,https://www.yelp.com/biz/bar-raval-toronto?adjust_creative=SyDutSLttpFj85STAUNd9Q&utm_campaign=yelp_api_v3&utm_medium=api_v3_business_search&utm_source=SyDutSLttpFj85STAUNd9Q,322,"[{'alias': 'spanish', 'title': 'Spanish'}, {'alias': 'tapasmallplates', 'title': 'Tapas/Small Plates'}, {'alias': 'cocktailbars', 'title': 'Cocktail Bars'}]",4.0,[],$$$,+16473448001,+1 647-344-8001,2306.076541452038,43.6558432,-79.4099433,505 College Street,,,Toronto,M6G 2J3,CA,ON,"['505 College Street', 'Toronto, ON M6G 2J3', 'Canada']"
27,tCjlXROlbcaGiBRfU2jaiw,the-keg-steakhouse-bar-toronto-21,The Keg Steakhouse + Bar,https://s3-media2.fl.yelpcdn.com/bphoto/JBkfINfW6BiLrhos_TtX9A/o.jpg,False,https://www.yelp.com/biz/the-keg-steakhouse-bar-toronto-21?adjust_creative=SyDutSLttpFj85STAUNd9Q&utm_campaign=yelp_api_v3&utm_medium=api_v3_business_search&utm_source=SyDutSLttpFj85STAUNd9Q,377,"[{'alias': 'steak', 'title': 'Steakhouses'}, {'alias': 'bars', 'title': 'Bars'}, {'alias': 'seafood', 'title': 'Seafood'}]",4.0,[],$$$,+14169646609,+1 416-964-6609,1730.6847684974207,43.6668345,-79.3779253,515 Jarvis Street,,,Toronto,M4Y 2H7,CA,ON,"['515 Jarvis Street', 'Toronto, ON M4Y 2H7', 'Canada']"
28,SxvKjtbq5qRlFoXrU8Bo9Q,descendant-detroit-style-pizza-toronto-2,Descendant Detroit Style Pizza,https://s3-media2.fl.yelpcdn.com/bphoto/HE2qwdBtlbPsY3UJnOWB-Q/o.jpg,False,https://www.yelp.com/biz/descendant-detroit-style-pizza-toronto-2?adjust_creative=SyDutSLttpFj85STAUNd9Q&utm_campaign=yelp_api_v3&utm_medium=api_v3_business_search&utm_source=SyDutSLttpFj85STAUNd9Q,446,"[{'alias': 'pizza', 'title': 'Pizza'}]",4.5,[],$$,+16473471168,+1 647-347-1168,5333.761586156729,43.662889,-79.332404,1168 Queen Street E,,,Toronto,M4M 1L5,CA,ON,"['1168 Queen Street E', 'Toronto, ON M4M 1L5', 'Canada']"
29,Qmwfg-PtYuCo5Q_IwcA_HQ,jabistro-toronto-2,JaBistro,https://s3-media3.fl.yelpcdn.com/bphoto/AcTjxOEi_DeBj3Eg9bj1zQ/o.jpg,False,https://www.yelp.com/biz/jabistro-toronto-2?adjust_creative=SyDutSLttpFj85STAUNd9Q&utm_campaign=yelp_api_v3&utm_medium=api_v3_business_search&utm_source=SyDutSLttpFj85STAUNd9Q,590,"[{'alias': 'japanese', 'title': 'Japanese'}, {'alias': 'sushi', 'title': 'Sushi Bars'}]",4.0,[],$$$,+16477480222,+1 647-748-0222,2809.650628209266,43.64980116402221,-79.3881706,222 Richmond Street W,,,Toronto,M5V 1V6,CA,ON,"['222 Richmond Street W', 'Toronto, ON M5V 1V6', 'Canada']"
30,exysqt4RqxkF9I8Z2NEUsQ,king-taps-toronto,King Taps,https://s3-media1.fl.yelpcdn.com/bphoto/f1ABaikKJSqIY5zOrcI5qA/o.jpg,False,https://www.yelp.com/biz/king-taps-toronto?adjust_creative=SyDutSLttpFj85STAUNd9Q&utm_campaign=yelp_api_v3&utm_medium=api_v3_business_search&utm_source=SyDutSLttpFj85STAUNd9Q,406,"[{'alias': 'newcanadian', 'title': 'Canadian (New)'}, {'alias': 'cocktailbars', 'title': 'Cocktail Bars'}]",4.0,[],$$,+16473612025,+1 647-361-2025,3098.666951853684,43.6486379269,-79.3817439,100 King Street W,,,Toronto,M5X 1A9,CA,ON,"['100 King Street W', 'Toronto, ON M5X 1A9', 'Canada']"
31,n_-CwlqV8fzEIUPky8Ibtw,the-oxley-toronto,The Oxley,https://s3-media3.fl.yelpcdn.com/bphoto/btviZvryw_7JHT-XOV8PsQ/o.jpg,False,https://www.yelp.com/biz/the-oxley-toronto?adjust_creative=SyDutSLttpFj85STAUNd9Q&utm_campaign=yelp_api_v3&utm_medium=api_v3_business_search&utm_source=SyDutSLttpFj85STAUNd9Q,184,"[{'alias': 'pubs', 'title': 'Pubs'}, {'alias': 'gastropubs', 'title': 'Gastropubs'}]",4.0,['restaurant_reservation'],$$,+16473481300,+1 647-348-1300,510.07051110285096,43.67059,-79.39304,121 Yorkville Avenue,,,Toronto,M5R 1C4,CA,ON,"['121 Yorkville Avenue', 'Toronto, ON M5R 1C4', 'Canada']"
32,qPVqfJAzC8APF8aWGBtFRA,antler-kitchen-and-bar-toronto,Antler Kitchen & Bar,https://s3-media4.fl.yelpcdn.com/bphoto/_T3Ghy_vzxqNS3rdKv-PYQ/o.jpg,False,https://www.yelp.com/biz/antler-kitchen-and-bar-toronto?adjust_creative=SyDutSLttpFj85STAUNd9Q&utm_campaign=yelp_api_v3&utm_medium=api_v3_business_search&utm_source=SyDutSLttpFj85STAUNd9Q,289,"[{'alias': 'newcanadian', 'title': 'Canadian (New)'}]",4.5,[],$$$,+16473458300,+1 647-345-8300,3852.7090187319895,43.64985,-79.43059,1454 Dundas Street West,,,Toronto,M6J 1Y6,CA,ON,"['1454 Dundas Street West', 'Toronto, ON M6J 1Y6', 'Canada']"
33,b7wUWVV01xaa7E0FUNMDiw,dailo-toronto,DaiLo,https://s3-media1.fl.yelpcdn.com/bphoto/530JAJ_shqQQJcZegJIwgg/o.jpg,False,https://www.yelp.com/biz/dailo-toronto?adjust_creative=SyDutSLttpFj85STAUNd9Q&utm_campaign=yelp_api_v3&utm_medium=api_v3_business_search&utm_source=SyDutSLttpFj85STAUNd9Q,325,"[{'alias': 'chinese', 'title': 'Chinese'}, {'alias': 'asianfusion', 'title': 'Asian Fusion'}]",4.0,[],$$$,+16473418882,+1 647-341-8882,2303.341447940322,43.65574,-79.4098,503 College Street,,,Toronto,M6G 1A5,CA,ON,"['503 College Street', 'Toronto, ON M6G 1A5', 'Canada']"
34,ALkOqlWODyxPg5VSp0HLrg,zakkushi-on-carlton-toronto,Zakkushi On Carlton,https://s3-media2.fl.yelpcdn.com/bphoto/NxgVVhj_SXGdJxFgD0IVJg/o.jpg,False,https://www.yelp.com/biz/zakkushi-on-carlton-toronto?adjust_creative=SyDutSLttpFj85STAUNd9Q&utm_campaign=yelp_api_v3&utm_medium=api_v3_business_search&utm_source=SyDutSLttpFj85STAUNd9Q,328,"[{'alias': 'japanese', 'title': 'Japanese'}, {'alias': 'tapasmallplates', 'title': 'Tapas/Small Plates'}, {'alias': 'bbq', 'title': 'Barbeque'}]",4.0,[],$$$,+16473529455,+1 647-352-9455,2425.741525051165,43.66343,-79.37062,193 Carlton Street,,,Toronto,M5A 2K9,CA,ON,"['193 Carlton Street', 'Toronto, ON M5A 2K9', 'Canada']"
35,0a2O150ytxrDjDzXNfRWkA,miku-toronto-2,Miku,https://s3-media3.fl.yelpcdn.com/bphoto/Jg_CVl1hjOI9pNmEvFvavw/o.jpg,False,https://www.yelp.com/biz/miku-toronto-2?adjust_creative=SyDutSLttpFj85STAUNd9Q&utm_campaign=yelp_api_v3&utm_medium=api_v3_business_search&utm_source=SyDutSLttpFj85STAUNd9Q,902,"[{'alias': 'japanese', 'title': 'Japanese'}, {'alias': 'sushi', 'title': 'Sushi Bars'}]",4.0,[],$$$$,+16473477347,+1 647-347-7347,3993.962633165498,43.6412346,-79.3773697,105-10 Bay Street,,,Toronto,M5J 2R8,CA,ON,"['105-10 Bay Street', 'Toronto, ON M5J 2R8', 'Canada']"
36,h8vVxwP6FnlkRDONKBHT-w,chubbys-jamaican-kitchen-toronto,Chubby's Jamaican Kitchen,https://s3-media2.fl.yelpcdn.com/bphoto/1Vwt13a0XtAcDsFZ-meQDg/o.jpg,False,https://www.yelp.com/biz/chubbys-jamaican-kitchen-toronto?adjust_creative=SyDutSLttpFj85STAUNd9Q&utm_campaign=yelp_api_v3&utm_medium=api_v3_business_search&utm_source=SyDutSLttpFj85STAUNd9Q,355,"[{'alias': 'caribbean', 'title': 'Caribbean'}]",4.0,[],$$,+14167928105,+1 416-792-8105,3233.087088903006,43.64532,-79.40066,104 Portland Street,,,Toronto,M5V 2N2,CA,ON,"['104 Portland Street', 'Toronto, ON M5V 2N2', 'Canada']"
37,nrq5H3LZicjMG0wv7gy08g,kintaro-izakaya-toronto-3,Kintaro Izakaya,https://s3-media1.fl.yelpcdn.com/bphoto/FpzjEayQblBrEZN5ioy-0Q/o.jpg,False,https://www.yelp.com/biz/kintaro-izakaya-toronto-3?adjust_creative=SyDutSLttpFj85STAUNd9Q&utm_campaign=yelp_api_v3&utm_medium=api_v3_business_search&utm_source=SyDutSLttpFj85STAUNd9Q,246,"[{'alias': 'japanese', 'title': 'Japanese'}, {'alias': 'sushi', 'title': 'Sushi Bars'}, {'alias': 'tapasmallplates', 'title': 'Tapas/Small Plates'}]",4.0,['restaurant_reservation'],$$,+16475605335,+1 647-560-5335,1751.9094217306326,43.66417,-79.38006,459 Church Street,Main Floor,,Toronto,M4Y 4C5,CA,ON,"['459 Church Street', 'Main Floor', 'Toronto, ON M4Y 4C5', 'Canada']"
38,jOqh0eVjqtUOpZ9AZgSazA,grey-gardens-toronto,Grey Gardens,https://s3-media4.fl.yelpcdn.com/bphoto/eS8zbfSSC7EcU2U1ToUcZA/o.jpg,False,https://www.yelp.com/biz/grey-gardens-toronto?adjust_creative=SyDutSLttpFj85STAUNd9Q&utm_campaign=yelp_api_v3&utm_medium=api_v3_business_search&utm_source=SyDutSLttpFj85STAUNd9Q,129,"[{'alias': 'wine_bars', 'title': 'Wine Bars'}, {'alias': 'newcanadian', 'title': 'Canadian (New)'}]",4.5,[],$$$,+16473511552,+1 647-351-1552,2307.435488353896,43.6537999,-79.40143,199 Augusta Avenue,,,Toronto,M5T 2L4,CA,ON,"['199 Augusta Avenue', 'Toronto, ON M5T 2L4', 'Canada']"
39,Sk0Ycurq7D083Qs8x65b_Q,george-restaurant-toronto-3,George Restaurant,https://s3-media2.fl.yelpcdn.com/bphoto/3IJ79pmaRXapc8MfZU820Q/o.jpg,False,https://www.yelp.com/biz/george-restaurant-toronto-3?adjust_creative=SyDutSLttpFj85STAUNd9Q&utm_campaign=yelp_api_v3&utm_medium=api_v3_business_search&utm_source=SyDutSLttpFj85STAUNd9Q,300,"[{'alias': 'newcanadian', 'title': 'Canadian (New)'}, {'alias': 'cocktailbars', 'title': 'Cocktail Bars'}]",4.5,[],$$$$,+14168636006,+1 416-863-6006,2945.946687279367,43.65337263523713,-79.37432933100068,111 Queen Street E,,,Toronto,M5C 1S2,CA,ON,"['111 Queen Street E', 'Toronto, ON M5C 1S2', 'Canada']"
40,yY3jNsrpCyKTqQuRuLV8gw,cactus-club-cafe-toronto,Cactus Club Cafe,https://s3-media3.fl.yelpcdn.com/bphoto/1fob77kJSVUCa_IgnubnNQ/o.jpg,False,https://www.yelp.com/biz/cactus-club-cafe-toronto?adjust_creative=SyDutSLttpFj85STAUNd9Q&utm_campaign=yelp_api_v3&utm_medium=api_v3_business_search&utm_source=SyDutSLttpFj85STAUNd9Q,607,"[{'alias': 'cocktailbars', 'title': 'Cocktail Bars'}, {'alias': 'newcanadian', 'title': 'Canadian (New)'}]",4.0,[],$$,+16477482025,+1 647-748-2025,2985.713992761241,43.64950420768667,-79.38251803088575,77 Adelaide Street W,,,Toronto,M5H 1P9,CA,ON,"['77 Adelaide Street W', 'Toronto, ON M5H 1P9', 'Canada']"
41,O_UC_izJXcAmkm6HlEyGSA,playa-cabana-toronto,Playa Cabana,https://s3-media1.fl.yelpcdn.com/bphoto/eleLP29pepclL6SRHMAyzA/o.jpg,False,https://www.yelp.com/biz/playa-cabana-toronto?adjust_creative=SyDutSLttpFj85STAUNd9Q&utm_campaign=yelp_api_v3&utm_medium=api_v3_business_search&utm_source=SyDutSLttpFj85STAUNd9Q,474,"[{'alias': 'mexican', 'title': 'Mexican'}, {'alias': 'bars', 'title': 'Bars'}]",4.0,[],$$,+14169293911,+1 416-929-3911,397.3648796523013,43.6759577692695,-79.4011840224266,111 Dupont Street,,,Toronto,M5R 1V4,CA,ON,"['111 Dupont Street', 'Toronto, ON M5R 1V4', 'Canada']"
42,fQwB9Z98YEhkJit7c3z51A,the-carbon-bar-toronto,The Carbon Bar,https://s3-media2.fl.yelpcdn.com/bphoto/1CdEhWZoVcHjWVONXSbQMQ/o.jpg,False,https://www.yelp.com/biz/the-carbon-bar-toronto?adjust_creative=SyDutSLttpFj85STAUNd9Q&utm_campaign=yelp_api_v3&utm_medium=api_v3_business_search&utm_source=SyDutSLttpFj85STAUNd9Q,419,"[{'alias': 'bbq', 'title': 'Barbeque'}, {'alias': 'bars', 'title': 'Bars'}, {'alias': 'tradamerican', 'title': 'American (Traditional)'}]",4.0,[],$$$,+14169477000,+1 416-947-7000,2944.036560134843,43.653088,-79.374829,99 Queen Street East,,,Toronto,M5C 1S2,CA,ON,"['99 Queen Street East', 'Toronto, ON M5C 1S2', 'Canada']"
43,JEXasd9XUHFbt_fIdmdK8g,la-banane-toronto,La Banane,https://s3-media3.fl.yelpcdn.com/bphoto/Bjjaj-oMR3XeGPV0ObWr5A/o.jpg,False,https://www.yelp.com/biz/la-banane-toronto?adjust_creative=SyDutSLttpFj85STAUNd9Q&utm_campaign=yelp_api_v3&utm_medium=api_v3_business_search&utm_source=SyDutSLttpFj85STAUNd9Q,157,"[{'alias': 'french', 'title': 'French'}, {'alias': 'seafood', 'title': 'Seafood'}, {'alias': 'bistros', 'title': 'Bistros'}]",4.5,[],$$$$,+14165516263,+1 416-551-6263,3380.6405695278786,43.64904,-79.4203,227 Ossington Avenue,,,Toronto,M6J 2Z8,CA,ON,"['227 Ossington Avenue', 'Toronto, ON M6J 2Z8', 'Canada']"
44,KpEu3vvj1ruoID0T3lmD4Q,mira-toronto,Mira,https://s3-media4.fl.yelpcdn.com/bphoto/jHspzrCPem1pJ3ttSYyL0w/o.jpg,False,https://www.yelp.com/biz/mira-toronto?adjust_creative=SyDutSLttpFj85STAUNd9Q&utm_campaign=yelp_api_v3&utm_medium=api_v3_business_search&utm_source=SyDutSLttpFj85STAUNd9Q,272,"[{'alias': 'peruvian', 'title': 'Peruvian'}]",4.5,[],$$,+16479513331,+1 647-951-3331,3359.763701463973,43.64417,-79.39639,420A Wellington Street W,,,Toronto,M5V 1E3,CA,ON,"['420A Wellington Street W', 'Toronto, ON M5V 1E3', 'Canada']"
45,e41TP5cXZqSrz50xCBJqZw,insomnia-restaurant-and-lounge-toronto,Insomnia Restaurant & Lounge,https://s3-media2.fl.yelpcdn.com/bphoto/kgiZaD3Il4F5iMfjposs3w/o.jpg,False,https://www.yelp.com/biz/insomnia-restaurant-and-lounge-toronto?adjust_creative=SyDutSLttpFj85STAUNd9Q&utm_campaign=yelp_api_v3&utm_medium=api_v3_business_search&utm_source=SyDutSLttpFj85STAUNd9Q,1018,"[{'alias': 'lounges', 'title': 'Lounges'}, {'alias': 'breakfast_brunch', 'title': 'Breakfast & Brunch'}, {'alias': 'comfortfood', 'title': 'Comfort Food'}]",4.0,[],$$,+14165883907,+1 416-588-3907,1468.7971044745764,43.665961,-79.411003,563 Bloor Street W,,,Toronto,M5S 1Y6,CA,ON,"['563 Bloor Street W', 'Toronto, ON M5S 1Y6', 'Canada']"
46,W5d8iNog90R-qw43m5dGwg,café-polonez-toronto-2,Café Polonez,https://s3-media2.fl.yelpcdn.com/bphoto/iYXUtrNJeNxsKMBYJbBvDQ/o.jpg,False,https://www.yelp.com/biz/caf%C3%A9-polonez-toronto-2?adjust_creative=SyDutSLttpFj85STAUNd9Q&utm_campaign=yelp_api_v3&utm_medium=api_v3_business_search&utm_source=SyDutSLttpFj85STAUNd9Q,288,"[{'alias': 'polish', 'title': 'Polish'}]",4.5,[],$$,+14165328432,+1 416-532-8432,5262.2122615621,43.64514,-79.44831,195 Roncesvalles Avenue,,,Toronto,M6R 2L5,CA,ON,"['195 Roncesvalles Avenue', 'Toronto, ON M6R 2L5', 'Canada']"
47,RrqcZLX05djKo1GVLMXMDQ,korean-village-restaurant-toronto,Korean Village Restaurant,https://s3-media3.fl.yelpcdn.com/bphoto/I-0wVgAyB2OWoSI-nELiUA/o.jpg,False,https://www.yelp.com/biz/korean-village-restaurant-toronto?adjust_creative=SyDutSLttpFj85STAUNd9Q&utm_campaign=yelp_api_v3&utm_medium=api_v3_business_search&utm_source=SyDutSLttpFj85STAUNd9Q,430,"[{'alias': 'korean', 'title': 'Korean'}]",4.0,[],$$,+14165360290,+1 416-536-0290,1781.9733814870037,43.66461,-79.41444,628 Bloor Street W,,,Toronto,M6G 1K7,CA,ON,"['628 Bloor Street W', 'Toronto, ON M6G 1K7', 'Canada']"
48,q5xrVJ4kivx_yEfJeOKNYQ,bar-isabel-toronto,Bar Isabel,https://s3-media1.fl.yelpcdn.com/bphoto/nk63u0JvadnPyjA_MHxUcg/o.jpg,False,https://www.yelp.com/biz/bar-isabel-toronto?adjust_creative=SyDutSLttpFj85STAUNd9Q&utm_campaign=yelp_api_v3&utm_medium=api_v3_business_search&utm_source=SyDutSLttpFj85STAUNd9Q,469,"[{'alias': 'spanish', 'title': 'Spanish'}, {'alias': 'tapas', 'title': 'Tapas Bars'}]",4.0,[],$$$,+14165322222,+1 416-532-2222,2912.718682204373,43.654631,-79.4207738,797 College Street,,,Toronto,M6G 1C7,CA,ON,"['797 College Street', 'Toronto, ON M6G 1C7', 'Canada']"
49,A7waf6G3cvnLfAqKeLL8DA,buca-toronto,Buca,https://s3-media2.fl.yelpcdn.com/bphoto/BE5_Q9N8tlt8pGtJWvHzBg/o.jpg,False,https://www.yelp.com/biz/buca-toronto?adjust_creative=SyDutSLttpFj85STAUNd9Q&utm_campaign=yelp_api_v3&utm_medium=api_v3_business_search&utm_source=SyDutSLttpFj85STAUNd9Q,454,"[{'alias': 'italian', 'title': 'Italian'}]",4.0,[],$$$,+14168651600,+1 416-865-1600,3322.840614115309,43.64462,-79.40045,604 King Street W,,,Toronto,M5V 1M6,CA,ON,"['604 King Street W', 'Toronto, ON M5V 1M6', 'Canada']"
